<?xml version="1.0" encoding="UTF-8"?><CodeSystem xmlns="http://hl7.org/fhir"><id value="address-type-dk-supplement"/><text><status value="generated"/><div xmlns="http://www.w3.org/1999/xhtml"><p/><table class="codes"><tr><td style="white-space:nowrap"><b>Code</b></td><td><b>Display</b></td><td><b>Definition</b></td></tr><tr><td><a style="white-space:nowrap" href="http://hl7.org/fhir/R4/codesystem-address-type.html#postal">postal</a><a name="address-type-dk-supplement-postal"> </a></td><td>Postal</td><td>Mailing addresses - PO Boxes and care-of addresses.</td></tr><tr><td><a style="white-space:nowrap" href="http://hl7.org/fhir/R4/codesystem-address-type.html#physical">physical</a><a name="address-type-dk-supplement-physical"> </a></td><td>Physical</td><td>A physical address that can be visited.</td></tr><tr><td><a style="white-space:nowrap" href="http://hl7.org/fhir/R4/codesystem-address-type.html#both">both</a><a name="address-type-dk-supplement-both"> </a></td><td>Postal &amp; Physical</td><td>An address that is both physical and postal.</td></tr></table><p><b>Additional Language Displays</b></p><table class="codes"><tr><td><b>Code</b></td><td><b>Dansk (Danish, da)</b></td></tr><tr><td>postal</td><td>Post</td></tr><tr><td>physical</td><td>Fysisk</td></tr><tr><td>both</td><td>Post &amp; fysisk</td></tr></table></div></text><url value="http://hl7.dk/fhir/core/CodeSystem/address-type-dk-supplement"/><version value="1.1.0"/><name value="AddressType"/><status value="draft"/><experimental value="false"/><date value="2021-12-19T09:42:46+00:00"/><publisher value="HL7 Denmark"/><contact><name value="HL7 Denmark"/><telecom><system value="url"/><value value="http://www.hl7.dk"/></telecom><telecom><system value="email"/><value value="jenskristianvilladsen@gmail.com"/></telecom></contact><description value="The type of an address (physical / postal)"/><jurisdiction><coding><system value="urn:iso:std:iso:3166"/><code value="DK"/><display value="Denmark"/></coding></jurisdiction><content value="supplement"/><supplements value="http://hl7.org/fhir/address-type"/><concept><code value="postal"/><display value="Postal"/><definition value="Mailing addresses - PO Boxes and care-of addresses."/><designation><language value="da"/><use><system value="http://snomed.info/sct"/><code value="900000000000013009"/></use><value value="Post"/></designation></concept><concept><code value="physical"/><display value="Physical"/><definition value="A physical address that can be visited."/><designation><language value="da"/><use><system value="http://snomed.info/sct"/><code value="900000000000013009"/></use><value value="Fysisk"/></designation></concept><concept><code value="both"/><display value="Postal &amp; Physical"/><definition value="An address that is both physical and postal."/><designation><language value="da"/><use><system value="http://snomed.info/sct"/><code value="900000000000013009"/></use><value value="Post &amp; fysisk"/></designation></concept></CodeSystem>