{
  "resourceType": "CodeSystem",
  "id": "DkCoreProfessionGroupCodes",
  "text": {
    "status": "generated",
    "div": "<div xmlns=\"http://www.w3.org/1999/xhtml\"><p>This code system http://hl7.dk/fhir/core/CodeSystem/DkCoreProfessionGroupCodes defines the following codes:</p><table class=\"codes\"><tr><td style=\"white-space:nowrap\"><b>Code</b></td><td><b>Display</b></td></tr><tr><td style=\"white-space:nowrap\">C511<a name=\"DkCoreProfessionGroupCodes-C511\"> </a></td><td>Ambulancebehandler</td></tr><tr><td style=\"white-space:nowrap\">9495<a name=\"DkCoreProfessionGroupCodes-9495\"> </a></td><td>Bandagist</td></tr><tr><td style=\"white-space:nowrap\">B511<a name=\"DkCoreProfessionGroupCodes-B511\"> </a></td><td>Behandlerfarmaceut</td></tr><tr><td style=\"white-space:nowrap\">5159<a name=\"DkCoreProfessionGroupCodes-5159\"> </a></td><td>Bioanalytiker</td></tr><tr><td style=\"white-space:nowrap\">5153<a name=\"DkCoreProfessionGroupCodes-5153\"> </a></td><td>Ergoterapeut</td></tr><tr><td style=\"white-space:nowrap\">5155<a name=\"DkCoreProfessionGroupCodes-5155\"> </a></td><td>Fodterapeut</td></tr><tr><td style=\"white-space:nowrap\">5151<a name=\"DkCoreProfessionGroupCodes-5151\"> </a></td><td>Fysioterapeut</td></tr><tr><td style=\"white-space:nowrap\">5175<a name=\"DkCoreProfessionGroupCodes-5175\"> </a></td><td>Jordemoder</td></tr><tr><td style=\"white-space:nowrap\">5265<a name=\"DkCoreProfessionGroupCodes-5265\"> </a></td><td>Kiropraktor</td></tr><tr><td style=\"white-space:nowrap\">5451<a name=\"DkCoreProfessionGroupCodes-5451\"> </a></td><td>Klinisk diætist</td></tr><tr><td style=\"white-space:nowrap\">5432<a name=\"DkCoreProfessionGroupCodes-5432\"> </a></td><td>Klinisk tandtekniker</td></tr><tr><td style=\"white-space:nowrap\">5176a<a name=\"DkCoreProfessionGroupCodes-5176a\"> </a></td><td>Kontaktlinseoptiker</td></tr><tr><td style=\"white-space:nowrap\">7170<a name=\"DkCoreProfessionGroupCodes-7170\"> </a></td><td>Læge</td></tr><tr><td style=\"white-space:nowrap\">4498<a name=\"DkCoreProfessionGroupCodes-4498\"> </a></td><td>Optiker</td></tr><tr><td style=\"white-space:nowrap\">5176b<a name=\"DkCoreProfessionGroupCodes-5176b\"> </a></td><td>Optometrist</td></tr><tr><td style=\"white-space:nowrap\">A511<a name=\"DkCoreProfessionGroupCodes-A511\"> </a></td><td>Osteopat</td></tr><tr><td style=\"white-space:nowrap\">5158<a name=\"DkCoreProfessionGroupCodes-5158\"> </a></td><td>Radiograf</td></tr><tr><td style=\"white-space:nowrap\">5152<a name=\"DkCoreProfessionGroupCodes-5152\"> </a></td><td>Social- og sundhedsassistent</td></tr><tr><td style=\"white-space:nowrap\">5166<a name=\"DkCoreProfessionGroupCodes-5166\"> </a></td><td>Sygeplejerske</td></tr><tr><td style=\"white-space:nowrap\">5433<a name=\"DkCoreProfessionGroupCodes-5433\"> </a></td><td>Tandlæge</td></tr><tr><td style=\"white-space:nowrap\">5431<a name=\"DkCoreProfessionGroupCodes-5431\"> </a></td><td>Tandplejer</td></tr></table></div>"
  },
  "url": "http://hl7.dk/fhir/core/CodeSystem/DkCoreProfessionGroupCodes",
  "version": "1.1.0",
  "name": "DkCoreProfessionGroupCodes",
  "title": "dk-profession-groups-codes",
  "status": "active",
  "date": "2021-12-19T22:00:49+00:00",
  "publisher": "HL7 Denmark",
  "contact": [
    {
      "name": "HL7 Denmark",
      "telecom": [
        {
          "system": "url",
          "value": "http://www.hl7.dk"
        },
        {
          "system": "email",
          "value": "jenskristianvilladsen@gmail.com"
        }
      ]
    }
  ],
  "description": "DK health ProfessionGroup codes as defined by https://www.retsinformation.dk/eli/lta/2019/731, and derived from http://autregwebservice.sst.dk/autregservice.asmx/GetAllProfessionGroups. Code (5176) was not uniqe, and have been converted to 5176a and 5176b",
  "jurisdiction": [
    {
      "coding": [
        {
          "system": "urn:iso:std:iso:3166",
          "code": "DK",
          "display": "Denmark"
        }
      ]
    }
  ],
  "caseSensitive": false,
  "content": "complete",
  "count": 21,
  "concept": [
    {
      "code": "C511",
      "display": "Ambulancebehandler"
    },
    {
      "code": "9495",
      "display": "Bandagist"
    },
    {
      "code": "B511",
      "display": "Behandlerfarmaceut"
    },
    {
      "code": "5159",
      "display": "Bioanalytiker"
    },
    {
      "code": "5153",
      "display": "Ergoterapeut"
    },
    {
      "code": "5155",
      "display": "Fodterapeut"
    },
    {
      "code": "5151",
      "display": "Fysioterapeut"
    },
    {
      "code": "5175",
      "display": "Jordemoder"
    },
    {
      "code": "5265",
      "display": "Kiropraktor"
    },
    {
      "code": "5451",
      "display": "Klinisk diætist"
    },
    {
      "code": "5432",
      "display": "Klinisk tandtekniker"
    },
    {
      "code": "5176a",
      "display": "Kontaktlinseoptiker"
    },
    {
      "code": "7170",
      "display": "Læge"
    },
    {
      "code": "4498",
      "display": "Optiker"
    },
    {
      "code": "5176b",
      "display": "Optometrist"
    },
    {
      "code": "A511",
      "display": "Osteopat"
    },
    {
      "code": "5158",
      "display": "Radiograf"
    },
    {
      "code": "5152",
      "display": "Social- og sundhedsassistent"
    },
    {
      "code": "5166",
      "display": "Sygeplejerske"
    },
    {
      "code": "5433",
      "display": "Tandlæge"
    },
    {
      "code": "5431",
      "display": "Tandplejer"
    }
  ]
}