{"resourceType":"CodeSystem","id":"care-team-status-dk-supplement","text":{"status":"generated","div":"<div xmlns=\"http://www.w3.org/1999/xhtml\"><p/><table class=\"codes\"><tr><td style=\"white-space:nowrap\"><b>Code</b></td><td><b>Display</b></td><td><b>Definition</b></td></tr><tr><td><a style=\"white-space:nowrap\" href=\"http://hl7.org/fhir/R4/codesystem-care-team-status.html#proposed\">proposed</a><a name=\"care-team-status-dk-supplement-proposed\"> </a></td><td>Proposed</td><td>The care team has been drafted and proposed, but not yet participating in the coordination and delivery of care.</td></tr><tr><td><a style=\"white-space:nowrap\" href=\"http://hl7.org/fhir/R4/codesystem-care-team-status.html#active\">active</a><a name=\"care-team-status-dk-supplement-active\"> </a></td><td>Active</td><td>The care team is currently participating in the coordination and delivery of care.</td></tr><tr><td><a style=\"white-space:nowrap\" href=\"http://hl7.org/fhir/R4/codesystem-care-team-status.html#suspended\">suspended</a><a name=\"care-team-status-dk-supplement-suspended\"> </a></td><td>Suspended</td><td>The care team is temporarily on hold or suspended and not participating in the coordination and delivery of care.</td></tr><tr><td><a style=\"white-space:nowrap\" href=\"http://hl7.org/fhir/R4/codesystem-care-team-status.html#inactive\">inactive</a><a name=\"care-team-status-dk-supplement-inactive\"> </a></td><td>Inactive</td><td>The care team was, but is no longer, participating in the coordination and delivery of care.</td></tr><tr><td><a style=\"white-space:nowrap\" href=\"http://hl7.org/fhir/R4/codesystem-care-team-status.html#entered-in-error\">entered-in-error</a><a name=\"care-team-status-dk-supplement-entered-in-error\"> </a></td><td>Entered In Error</td><td>The care team should have never existed.</td></tr></table><p><b>Additional Language Displays</b></p><table class=\"codes\"><tr><td><b>Code</b></td><td><b>Dansk (Danish, da)</b></td></tr><tr><td>proposed</td><td>Forslag</td></tr><tr><td>active</td><td>Aktiv</td></tr><tr><td>suspended</td><td>Suspenderet</td></tr><tr><td>inactive</td><td>Inaktiv</td></tr><tr><td>entered-in-error</td><td>Fejlindtastning</td></tr></table></div>"},"url":"http://hl7.dk/fhir/core/CodeSystem/care-team-status-dk-supplement","version":"1.1.1","name":"CareTeamStatus","status":"draft","experimental":false,"date":"2022-01-07T08:15:51+00:00","publisher":"HL7 Denmark","contact":[{"name":"HL7 Denmark","telecom":[{"system":"url","value":"http://www.hl7.dk"},{"system":"email","value":"jenskristianvilladsen@gmail.com"}]}],"description":"Indicates the status of the care team.","jurisdiction":[{"coding":[{"system":"urn:iso:std:iso:3166","code":"DK","display":"Denmark"}]}],"content":"supplement","supplements":"http://hl7.org/fhir/care-team-status","concept":[{"code":"proposed","display":"Proposed","definition":"The care team has been drafted and proposed, but not yet participating in the coordination and delivery of care.","designation":[{"language":"da","use":{"system":"http://snomed.info/sct","code":"900000000000013009"},"value":"Forslag"}]},{"code":"active","display":"Active","definition":"The care team is currently participating in the coordination and delivery of care.","designation":[{"language":"da","use":{"system":"http://snomed.info/sct","code":"900000000000013009"},"value":"Aktiv"}]},{"code":"suspended","display":"Suspended","definition":"The care team is temporarily on hold or suspended and not participating in the coordination and delivery of care.","designation":[{"language":"da","use":{"system":"http://snomed.info/sct","code":"900000000000013009"},"value":"Suspenderet"}]},{"code":"inactive","display":"Inactive","definition":"The care team was, but is no longer, participating in the coordination and delivery of care.","designation":[{"language":"da","use":{"system":"http://snomed.info/sct","code":"900000000000013009"},"value":"Inaktiv"}]},{"code":"entered-in-error","display":"Entered In Error","definition":"The care team should have never existed.","designation":[{"language":"da","use":{"system":"http://snomed.info/sct","code":"900000000000013009"},"value":"Fejlindtastning"}]}]}