{"resourceType":"NamingSystem","id":"sor","text":{"status":"generated","div":"<div xmlns=\"http://www.w3.org/1999/xhtml\"><h3>Summary</h3><table class=\"grid\"><tr><td>Defining URL</td><td>http://hl7.dk/fhir/core/NamingSystem/sor</td></tr><tr><td>Version</td><td>1.2.0</td></tr><tr><td>Name</td><td>DkCoreSor</td></tr><tr><td>Status</td><td>active</td></tr><tr><td>Definition</td><td><div><p>SOR is provided by the Danish Health Data Authority under the Danish Ministry of Health. The register holds organizations within the Danish health sector, their geographical and virtual addresses as well as codes for their identification and for EDI-communication. Danish Health Data Authority is responsible for issuing and publishing codes to identify organizations across health care sectors and related public and private services. SOR includes organizational data on hospitals, the primary care sector (physiotherapists, general practitioners, dentists etc.) and municipal health service organizations as well as non-health care organizations that need to be able to receive data from the former.</p>\n</div></td></tr><tr><td>Publisher</td><td>HL7 Denmark</td></tr></table><h3>Identifiers</h3><table class=\"grid\"><tr><td><b>Type</b></td><td><b>Value</b></td></tr><tr><td>OID</td><td>urn:oid:1.2.208.176.1.1</td></tr><tr><td>URI</td><td>https://sundhedsdatastyrelsen.dk/da/registre-og-services/om-sor</td></tr></table></div>"},"name":"DkCoreSor","status":"active","kind":"identifier","date":"2021-03-14T16:56:07+01:00","publisher":"HL7 Denmark","contact":[{"name":"HL7 Denmark","telecom":[{"system":"url","value":"http://www.hl7.dk"},{"system":"email","value":"jenskristianvilladsen@gmail.com"}]}],"responsible":"The Health Service's Organizational Register was developed in the National Board of Health in 2006-2007 in cooperation with the regions and MedCom","type":{"coding":[{"system":"http://terminology.hl7.org/CodeSystem/v2-0203","code":"PRN","display":"Provider number"}]},"description":"SOR is provided by the Danish Health Data Authority under the Danish Ministry of Health. The register holds organizations within the Danish health sector, their geographical and virtual addresses as well as codes for their identification and for EDI-communication. Danish Health Data Authority is responsible for issuing and publishing codes to identify organizations across health care sectors and related public and private services. SOR includes organizational data on hospitals, the primary care sector (physiotherapists, general practitioners, dentists etc.) and municipal health service organizations as well as non-health care organizations that need to be able to receive data from the former.","jurisdiction":[{"coding":[{"system":"urn:iso:std:iso:3166","code":"DK","display":"Denmark"}]}],"uniqueId":[{"type":"oid","value":"urn:oid:1.2.208.176.1.1"},{"type":"uri","value":"https://sundhedsdatastyrelsen.dk/da/registre-og-services/om-sor"}]}